а іменно	а саме
а для цього, щоб	а для того, щоб
в основному	переважно
абонементна установка	абонентська установка
абонентська плата	абонентна плата
абривіатура	абревіатура
аварійно-відновлювальних робіт	аварійно-відновних робіт
автопогружчик	автонавантажувач
агенство	агентство
професіональне	професійне
адреса місця проживання	адреса
акт даріння нерухомості	акт дарування нерухомості
акти, де говориться	акти, в яких мовиться
причесане волосся	зачесане волосся
акції піднімаються	акції підвищуються (ростуть)
акціонерні внески	акціонерські внески
акція розпочалася із слова-звернення	акція розпочалася словом-зверненням
при умові	за умови
це говорить про	це свідчить про
алергія від	алергія до
алоє	алое
алфавітний показчик	алфавітний покажчик
альма матер	альма-матер
американські долари	долари сша
аналогія до	аналогія з
палата общин	палата громад
існує при інституті	засновано при інституті
антихристиянська сутність існування імперії	антихристиянська сутність імперії
аренда	оренда
ароматизовані	ароматичні
асоціація квітовідів	асоціація квітникарів
аспірант по кафедрі	аспірант на кафедрі
атмосфера настроювала	атмосфера надихала
атмосферне повітря	повітря
атомний підчовен	атомний підводний човен
біжуча вода	проточна вода
лєнта	стрічка
мука	борошно
підодіяльник	біла пішва / підковдра
біловезька пуща	біловезька пуща
більш відвертими є	відвертіші
більшість із проголошеного	більша частина виголошеного
більшість часу пішла на марні розшуки	багато часу пішло на марні розшуки
більша половина	більша частина
більше всього імпонує	більш за все імпонує
більше місяця	більш як місяць
біля обох	біля цих і тих
бісовий	бісів
багата героями	багата на героїв
багато значить	багато важить
працював чорноробочим	працював чорноробом
багато читачів просять	багато читачів просить
хельсінкі	гельсинкі
багаточисленні	численні
багатство ярмарок	багатство ярмарків
важкіша форма	важча форма
пеленка	пелюшка
бактеріоцидна мазь	бактерицидна мазь
доходи	прибутки
бархатний сезон	оксамитовий сезон
баснословні ціни	неймовірні / небувало / надзвичайно високі / нечувані ціни
батьковий	батьків
бахвальство	пиха / зарозумілість
бачити власними очима	бачити на власні очі
бачуть у продажу	бачать у продажу
без будь-яких виключень	без жодних винятків
без відому	без відома
без малого	майже
без надобності	без потреби
без оглядок на	незважаючи на
без п'ятнадцяти три	за п'ятнадцять(чверть) третя
без усякого сумніву	без жодного (ніякого) сумніву
без утайки	відкрито
без четверті	за чверть
безбілетне перевезення	безквиткове перевезення
беззаперечні істини	незаперечні істини
безкольоровий	безколірний
безкорисний	безкорисливий
безнаказаність	безкарність
безналічний	безготівковий
безпереривно	безперервно
безпосередньо бере участь у	бере безпосередню участь у
безпредєл	беззаконня / безмір / правове свавілля
безпрецендентний	безпрецедентний
чужа біль	чужий біль
белзський банк	белзький банк
беловежська угода	біловезька угода
бенкет горою	бенкет на всю губу
бере своє начало	бере свій початок
бережись автомобіля	стережись автомобіля
бестселлер	бестселер
битком набитий зал	переповнений зал
блінчики з сиром	млинці із сиром
бліц-кріг	бліцкриг
благополуччя	добробут
благословіння	благословення
благоустроїти	упорядкувати
блаженніший	блаженнійший
близорукий	короткозорий
близькі по духу	споріднені духом
бляхарний	бляхарський
богданна	богдана
богословія	богослов'я
під відкритим небом	просто неба
боковий	бічний
позвоночник	хребет
болотяний	болотний
болтати язиком	теревенити / молоти язиком / плести язиком
болтовня	балаканина / базікання
больничний листок	листок непрацездатності / лікарняний
болять сустави	болять суглоби
бояришник	глід
бразилійці	бразильці
брат старше мене на три роки	брат старший за мене на три роки
братерська могила	братська могила
брати в толк	уторопати
брати на помітку	брати на замітку
брати якнайбільш активну участь	брати (взяти) якнайактивнішу участь
братові черевик порвався	у брата черевик порвався
братські народи	братні народи
брестчина	берестейщина
бреше не червоніючи	бреше не соромлячись
брильянт	діамант
бродити вуличками	блукати вуличками
бруднослів'я	лихослів'я
достойний	гідний
на стажировці	на стажуванні
славної честі	честі
у розпачу	у розпачі
у числі присутніх	серед присутніх
бувші в'язні	колишні в'язні
бувший у користуванні	вживаний
буде нести цивільну відповідальність	буде притягнутий до цивільної відповідальності
буде уроком для виборців	буде наукою для виборців
будемо відвертими	будемо відверті
будинок пристарілих	будинок людей похилого віку
будучи в руках	перебуваючи в руках
будь-якою ціною	за будь-яку ціну
на днях	цими днями
вітаючи черемошинців	вітаючи черемошанців
були начувані	багато чули
були у жаху	жахнулися
було зачеплено питання	порушили проблему
було прийнято рішення	було вирішено
бунтар-одиночка	бунтар-одинак
бурхливі овації	овації / бурхливі оплески
бурякові ланки	буряківницькі ланки
буряковод	буряківник
бути випереджаючими	бути випереджувальними
бути обузою	бути тягарем
бути при повному розсудку	бути при повному розумі
вавілон	вавилон
гідний для наслідування	гідний наслідування
гіпертонічна криза	гіпертонічний криз
гірше всього	найгірше
газофікація	газифікація
гальмуючий центр	гальмівний центр
гамма барв	гама барв
гандлюють	гендлюють
гарантійний заробіток	гарантований заробіток
гармонічні відносини	гармонійні відносини
буси	намисто
обої	шпалери
плісіровка	плісе
гарна пропозиція	слушна (прийнятна, вдала, доречна, добра) пропозиція
гастрольор	гастролер
гвіздок програми	окраса програми
геноцид проти народу	геноцид народу
геополітичне становище	геополітичне розташування
герцоговина	герцеговина
геть неефективні	вкрай неефективні
гетьманський посильний	гетьманський посланець
гладити білизну	прасувати білизну
глас вопіющого в пустині	голос волаючого в пустелі
глиба	брила
глибокий поклін	низький уклін
глибоко споріднену нам	глибоко споріднену з нами
глуха ніч	глупа ніч
гнівно клеймили запроданців	гнівно таврували запроданців
говірна лексика	говіркова лексика
говорити без перестанку	говорити безперестанку
говорити відкрито	говорити відверто, щиро
говорити шепотом	говорити пошепки
говорять, що я гарна	кажуть, що я гарна
годі розглагольствувати	годі просторікувати
годиться для лікування	придатне для лікування
годна творити	здатна творити
голіностопний суглоб	п'ятигомілковий суглоб
гола правда	щира (чиста, сама) правда
голова закрутилася	голова запаморочилася
голова як свинцем налита	обважніла голова / голова мов чавуном налита
головний поставщик	головний постачальник
збройними силами	збройних сил
головокружіння	запаморочення голови
головуючий зборів	голова зборів
голодний жолудок	голодний шлунок
гончарські вироби	гончарні вироби
горільчані вироби	горілчані вироби
горбушка хліба	окраєць хліба
гордитися успіхами	пишатися успіхами
гостинно розпахнув двері	гостинно відчинив двері
лезвія	леза
лезвіє	лезо
готовити	готувати
гра варта свічок	справа варта заходу / це того вартує
грабунок йде по всіх фронтах	грабунок іде на всіх фронтах
гранатові набої	гранатні набої
границя	кордон
грати в волан	грати в бадмінтон
грати в пасьянс	розкладати пасьянс
шахмати	шахи
графік не виконується	графік не дотримується
уплотнився	ущільнився
сіли у кружок	сіли в коло
гребують наше ремесло	гребують нашим ремеслом
грецький горіх	волоський горіх
гречнева каша	гречана каша / гречка
слухання злочинів	слухання про злочини
громадський обов'язок	громадянський обов'язок
громадянський шлюб	цивільний шлюб
грошовий перевод	грошовий переказ
грудні діти	немовлята
губимо природу	знищуємо природу
губити терпіння	утрачати терпіння / виходити з терпіння / не стає терпцю
губить свій зміст	втрачає сенс
губить своє достоїнство	принижує (втрачає) свою гідність
гусине пір'я	гусяче пір'я
діаметрально-протилежні	діаметрально протилежні
кидається в очі	упадає в очі
дівчина з ізюминкою	дівчина з перчиком
ледве зробив ковток	ледве ковтнув
дійсна незалежність	справжня незалежність
діло минуле	давня справа
діловедення	діловодство
дільниця боротьби за державність	ділянка боротьби за державність
дільничий	дільничний
дірокол	діркопробивач
діставалося більше від батька	перепадало більше від батька
батрак	діти наймит
діюча особа	дійова особа
діючий	чинний
діяти разом з	діяти спільно
діяльність технічних засобів	дія технічних засобів
діяти на нерви	нервувати / дратувати
давати прес-конференцію	проводити прес-конференцію
давайте назвемо	назвімо
давайте повернемося	повернімося
давайте продовжимо розмову	тож розмовляймо далі
давати поблажку	потурати
далі не наведено ладу	досі не наведено ладу
дати слово	надати слово
дальнійше формування	дальше формування
дальнобійники	далекобійники
дальнобойна зброя	далекобійна зброя
дальше буде	далі буде
дана тема зацікавила усіх	ця тема зацікавила усіх
даром потратив час	даремно (марно, без потреби) втратив (згаяв) час
дарувати одяг навирост	дарувати одяг на виріст
дата і час поступлення хворого	дата і час прийняття (госпіталізації) хворого
дати їм то одне, то друге	дати їм то те, то те
дати розрахунок працівникові	розрахувати працівника
дати толк	довести до пуття
датчанин	данець
дбати за	дбати про
дві великі різниці	велика різниця
гектара землі	гектари землі
пучка петрушки	пучки петрушки
два чоботи — пара	обоє рябоє / яке їхало, таке й здибало
де б навчилися цій професії	де навчали б цієї професії
дедектив	детектив
дезінфікуючий	дезінфекційний
депортація на сибір	депортація в сибір / до сибіру
іти на зустріч інтересам	захистити інтереси
приймати до уваги	взяти до уваги
державі нічого не коштує взяти на свій бюджет	державі не важко взяти на свій бюджет
закрома	засіки
створює останній шанс виживання	дає останній шанс виживання
державо-творчий	державотворчий
держати себе з достоїнством	достойно (гідно) триматися
дермантин	дерматин
дестабілізуючий	дестабілізаційний
хоругв	хоругов
дещо заторможено	дещо загальмовано
не попадають	не потрапляють
джентельмен	джентльмен
дивіденти	дивіденди
дивитися іншими очима	дивитися по-іншому
дивитися в упор	дивитися у вічі
дивлячись на обставини	залежно від обставин
диву даєшся	не надивуєшся / дивина та й годі
дика пантера була чорна, як сажа	пантера була чорна, як сажа
дипломник	дипломант
дирекція бездіє	дирекція не працює / дирекція бездіяльна
дати добро	погодитись / схвалити
дискусувати	дискутувати
коньки	ковзани
дихати в плечі	наступати на п'яти
дихати злобою	важким духом дихати
для бажаючих здійснити	для охочих здійснити
для будь-кого зрозуміло	будь-кому зрозуміло
для видимості	для годиться
для всіх інших	для решти
для галочки	для форми
для здійснення підтримки	для здобуття підтримки
для ліквідації каменів	для видалення каменів
для нас зрозуміло	нам цілком зрозуміло
для нас не підходить	нам не підходить
для настойки можна використати	для настоянки беруть
оновлення стосунків	відновлення стосунків
для продажі	на продаж
для споглядання за вуликом	для спостерігання за вуликом
до відходу на спання	перед сном
до востребовання	до запитання
до краю виснажений	вкрай виснажений
до порядку денного включити питання	до порядку денного внести питання
до цього є чимало підстав	для цього є чимало підстав
добавилось	додалося
добавлена вартість	додана вартість
добавляти	додавати
добитись успіхів	домогтися успіху
добитися мети	досягти мети
добитися суворого обліку товарів	домогтися суворого обліку товарів
добре обізнані про	добре обізнані з
довіреність	доручення
довгі роки працювати	упродовж багатьох років працювати
палка	довга
довгий час	протягом тривалого часу
довгожданний	довгожданий
довжники	боржники
доводи	докази
доводити до ладу	обладнати
доглядати за	доглядати
додержувати чистоту	додержувати чистоти
дозировка	дозування
докази про	докази
доки — поки	доки — доти
доки — поти	поки — поти
докладнішу інформацію щодо	докладніше про
докласти зусиль на	докласти зусиль до
включає важні відомості	документ важливі відомості
знаходитися в архіві	зберігатися в архіві
дольова участь	пайова участь
доповнюючий	доповнювальний
допомога по	допомога для
старики	люди похилого віку
допомогу оказали	допомогли
допризивник	допризовник
допускаються помилки	припускаються помилки
допустимо	припустимо
хрусталь	кришталь
дорогими для рідного народу	дорогими рідному народові
досаджувати	допікати
перепльотчик	палітурник
фрезеровщик	фрезерувальник
дотичний з	дотичний до
доходна частина бюджету	дохідна частина бюджету
доходне місце	зискове / вигідне місце
дочірне підприємство	дочірнє підприємство
дочка — вилита мама	дочка — викапана мама
дощова осінь	дощовита осінь
зачіпки	причіпки
дрібничний	дріб'язковий
драматична діяльність	драматургійна діяльність
древньоруський	давньоруський
дрель	дриль
дрогобиччани	дрогобичани
другим разом	іншим разом
друга по вагомості посада	друга за вагомістю посада
дружне ставлення	дружнє ставлення
врозрядку	урозбивку
дряблий	в'ялий
дубльонка	шкірянка / дублянка
боляче реагує	болісно реагує
думки від зустрічі	думки про зустріч
думки розходяться	думки не збігаються
дурний тон	поганий тон
дути на вогонь	дмухати на вогонь
дутий пузир	дута булька
душі не чаяти	душі не чути
пустота	порожнеча
дякуючи	завдяки
економічне витрачання	економне витрачання
економічно-потужний	економічно потужний
експериментувати на психіці	експериментувати з психікою
екс-президент	експрезидент
плавно торкається з місця	плавно рушає з місця
експресаналіз	експрес-аналіз
екстренне	екстрене
електрополотер	електричний натирач підлоги
енцифаліт	енцефаліт
етап роботи по формуванню	етап формування
ехо	відлуння / луна
є багато альтернатив	є альтернатива
є відсутнє подружжя	не було подружжя
гореч	гіркота
смисл	сенс
євро-азіатський	євразійський
євроазія	євразія
єдиноправильний	єдино правильний
єлисавета	єлизавета
єнакієво	єнакієве
єпіскоп	єпископ
буйне уявлення	буйна уява, фантазія
жаліти за	шкодувати за
жалітися	скаржатись
жахи	страхіття
жемчуг	перли
жертвенний	жертовний
кочегарка	кочегарня
жив-був	жив-поживав / жив собі
живописні сни	барвисті сни
живописна місцевість	мальовнича місцевість
на відшибі	на узбіччі
жилий	житловий
жильці	мешканці
жити під одною стелею	жити під одним дахом
життєстверджуючий	життєствердний
жовтуха	жовтяниця
жовчокамінна недуга	жовчнокам'яна недуга
жосткий	жорсткий
журналіст піддав рецензії путівник	журналіст подав рецензію на путівник
з іншого боку	з другого боку
з іншого боку до теми підходить	по-іншому тему висвітлює
трапилася біда	сталося лихо
з відому дирекції	з відома дирекції
з великим інтересом поставитися	дуже зацікавитися розповіддю
з видом знавця	з виглядом знавця
з виду випустити	випустити з уваги
з гарантією один рік	з гарантією на один рік
кайма	облямівка
з деяких пір	з якогось часу
з других підрозділів	з інших підрозділів
з малим шелестом	з тихим шелестом
з метою	для / щоб
з моменту публікації	з часу публікації
з наступних	з таких
з нетерпінням чекати	нетерпляче чекати
з отриманням незалежності	зі здобуттям незалежності
з різних галузів техніки	з різних галузей техніки
з розумінням поставитися до нужд	зрозуміти потреби
з таким твердженням можна зустрітися	таке твердження можна почути
з трудом заговорив	насилу заговорив
з точки зору вимог закону	з погляду права
з точки зору фахівців	на думку (з погляду) фахівців
з усіх ніг	щодуху / з усієї сили
з усіх-усюд	з усіх усюд
з часом підходили	згодом підходили
з трудом дається	важко дається
з'ява	з'явлення / поява
зі сторони митців пропонуються	митці пропонують
зілля запашні	зілля запашне
зілляти	злити
зір падає	зір погіршується
зіркий	бистрий / проникливий
зіслатися	послатися
за бажанням публіки	на бажання публіки
за браком 	через брак
за верству	за версту
за вимогою	на вимогу
за допомогою	з допомогою
за ним водиться звичка	у нього є звичка / він має звичку
за підозрінням	за підозрою
за поміркованими цінами	за помірними цінами
за прикладами	спираючись на
текучий рік	поточний рік
за тим, що не повернеш	за тим, чого не повернеш
признак	ознака
царствування	царювання
за часів юності	у юності
за чисельністю	за кількістю
забезпечити безпеку	гарантувати безпеку
бити тривогу	бити на сполох
заборгованість по виплаті	заборгованість з виплати
заборжники	боржники
забруднюючі речовини	забруднювальні речовини
платок	хустина
завідувач відділом	завідувач відділу
завіряти	запевняти
завітна мрія	заповітна мрія
завдяки посиленню репресивних заходів	через посилення репресивних заходів
завернути у папір	загорнути в папір
завести годинник	накрутити годинник
завзяті подвижники	справжні подвижники
завмер від несподіванки	завмер з несподіванки
завойовувати незалежність	виборювати незалежність
день відчинених дверей	день відкритих дверей
дивитися фільм	переглядати фільм
завтра приступимо до	завтра розпочнемо
загальні турботи	спільні турботи
загально-політичний	загальнополітичний
заготовка	заготівля
загранична мебель	імпортні меблі
заграничний паспорт	закордонний паспорт
загрузити вагон	завантажити вагон
загубити з виду	упустити (згубити) з очей
загубити надію	втратити надію
загубити силу	знесилитися / втратити силу
задівати	зачіпати
задаватися запитанням	поставити запитання
задати собі запитання	запитати в себе
задзвонити	зателефонувати
задобритися перед народом	задобрити народ
задоволений від співпраці	задоволений співпрацею
зажили рани	загоїлися рани
зажиточні люди	заможні люди
зазнайомитися	познайомитися
зазнати пагубного впливу	зазнати згубного впливу
зайві клопоти	зайвий клопіт
займатися дослідженням	досліджувати
займалитися політичними акціями	проводили політичні акції
займатися питанням	вивчати питання
очередь	черга
закінчити навчання	завершити навчання
заказати пальто	замовити пальто
заказний лист	рекомендований лист
закаляти	загартовувати
заключається у тому	полягає в тому
заключити договір	укласти договір
заключне заняття	підсумкове заняття
заключні результати	кінцеві результати
закон восторжествував	закон переміг
закрито на перерив	зачинено на перерву
закупка	закупівля
закуповочна ціна	закупівельна ціна
дуже величезний	дуже великий
залізовміщаючий	залізовмісний
півлітра води	половина літра води
залиш мене в спокої	дай мені спокій
залишитися в стороні	залишитися осторонь
як можна більше	якомога більше
замикаючий	замикальний
замкова скважина	замкова щілина
замороження	заморожування
замужня	заміжня / одружена
замшовий	замшевий
запалення десен	запалення ясен
запахло смаженим	запахло смаленим
запис здійснено	запис зроблено
пошлина	мито / збір
запобігати втрат	запобігати втратам
пробіли в знаннях	прогалини в знаннях
заявитель	заявник
запрошуємо для роботи	запрошуємо на роботу
навідатися в музей	відвідати музей
заробилися	запрацювалися
заронити підозру	збудити підозру
заряд бодрості	заряд бадьорості
засипати	засинати
заслуговує уваги	вартий уваги
засоби масових інформацій	засоби масової інформації
заставляти	примушувати
клейонка	церата
застерегти про небезпеку	застерегти від небезпеки
застосувавши відносно замовників санкції	застосувавши до замовників санкції
засучивши рукави	засукавши рукави
затверджувати принципи демократії	утверджувати принципи демократії
заточник	заточувальник
затрати	витрати
затрачено	витрачено
затронути	зачепити
захворіти кіром	захворіти на кір
спід	снід
захисний імунітет	імунітет
захист шляхом обмеження	захист через обмеження
клітка шкіри	клітина шкіри
заходи для догляду	засоби догляду
заходи підлягають невідкладному вирішенню	заходи підлягають невідкладному виконанню
заходи по відзначенню	заходи щодо відзначення
викорінення	викоренення
захолустя	задвірки
захоплюючі події	захопливі події
заціпило мову	заціпило рота / заціпило
георгіни	жоржини
зачепити питання	порушити питання
зачинити двері на замок	замкнути двері
зачитати доповідь	прочитати доповідь
на весь голос	на повний голос
заяць	заєць
збільшення штрафів	підвищення штрафів
збільшувати рівень	підвищувати рівень
збанок	дзбанок
збирати цукристі	викопувати цукристі
збиратися в дорогу	лагодитися в дорогу
збити з толку	збити з пантелику
зблякнути	поблякнути
винести постанову	схвалити постанову
збори постановили	збори ухвалили
прийняти постанову	збори ухвалили
збочення від принципів демократизму	нехтування принципами демократизму
зв'язаних з	пов'язаних з
зв'язувати науку й виробництво	поєднувати науку й виробництво
зв'язуючий	сполучний
звідтам	звідти
звільнити кошти	вивільнити кошти
звільняти товариша з біди	визволяти товариша з біди
звіщати з посади	усувати з посади
зважати своїм обов'язком	вважати за свій обов'язок
уха	юшка з риби
зведений в ранг	зведений до рангу
звернення про	звернення з приводу
звернутися за адресою	звернутися на адресу
звертатися по телефону	звертатися телефоном
звертати на себе увагу	привертати до себе увагу
зверх плану	понад план
зверхвартість	надвартість
зверху донизу	згори донизу
звинувачення по статтях	звинувачення за статтями
зводити з глузду	доводити до божевілля
зворотній зв'язок	зворотний зв'язок
зворотна дорога	дорога назад
згідно розкладу дня	за розкладом
згідно технології	згідно з технологією
згортання крові	зсідання крові
згубний напрям	хибний напрям
згущонка	згущене молоко
здійснилити злочин	скоїти злочин
здійснювати пошуки розв'язання проблем	шукати способів розв'язання проблем
здійснювати тиск	чинити тиск
здавати іспити	складати іспити
здатність	спроможність
здача іспитів	складання іспитів
здача	решта
образ життя	спосіб життя
здоровий смисл	здоровий глузд
здоровпункт	пункт охорони здоров'я
земля обітованна	земля обітована
зимні пальта	зимові пальта
зйомочний	знімальний
зкомпроментувати подругу	скомпрометувати подругу
злісний п'яниця	затятий п'яниця
зла доля зустріла	зла доля спіткала
зливи викликають повені	зливи спричиняють повені
зловіщий	зловісний
злодії виявили опір	злодії чинили опір
зложити повноваження	скласти повноваження
злопам'ятний день	злощасний день
змістом своїм нагадувати	за змістом нагадувати
змія підколодна	гадина (гадюка) потайна
івано-франківці	іванофранківці
івано-франківець	іванофранківець
змазочні матеріали	мастильні матеріали
сівообіг	сівозміна
змилуватися на людей	зглянутися на людей
змучені люди	втомлені люди
змушуватиме до економії	спонукатиме до економії
знімати квартиру	винаймати квартиру
знайомство з документом	ознайомлення з документом
знасилування	зґвалтування
знати в чомусь толк	розумітися на чомусь
знати по вигляду	знати на вигляд
знати толк	розумітися / бути компетентним
знахабнілий до крайності	вкрай знахабнілий
значкісти	значківці
набутки	досягнення
значні перебільшення	значне перебільшення
значна частина прихильників	чимало прихильників
знаючий	обізнаний
зневіра в завтрашній день	зневіра в завтрашньому дні
знижують викиди	зменшують викиди
знизу доверху	знизу догори
зовнішньо-політична діяльність	зовнішньополітична діяльність
золоті колосся	золоте колосся
перстені	персні
приіски	копальні
зрікатися від ідеалів	зрікатися ідеалів
зрадити батьківщині	зрадити батьківщину
зраня	зранку
зробити крок назад	ступити крок назад
зробити слідуючий висновок	зробити такий висновок
зробити харакірі	вчинити харакірі
зробити уборку	прибрати
зрошувальні землі	зрошувані землі
зруйнувати до основи	зруйнувати дощенту
зупинення масових крадіжок	припинення масових крадіжок
зусилля виявилися сізіфовою працею	зусилля виявилися сізіфовою працею
зустрівся мені газда	зустрів я ґазду
зустрічати розуміння	порозумітися
і т. д. і т. п.	і т. д.
зовсім аргументованим	цілком аргументованим
і тому подібне	і таке інше / тощо
і, здавалося, що	і здавалося, що
розуміється	зрозуміло
вартує самої вищої оцінки	заслуговує найвищої оцінки
ігловколювання	голковколювання
ігровий зал	гральний зал
іде дискримінація	триває дискримінація
ідентичної до сучасної	ідентичної із сучасною
банкрот	банкрут
ідея про започаткування	задум започаткувати
ідея про подвійну юрисдикцію	ідея подвійної юрисдикції
із заздрістю	заздрісно
із-за погоди туристи не відвідали	через погоду туристи не відвідали
їзда верхом	їзда верхи
їздили за	їздили по
ілюстративний	ілюстрований
сильна дружба	міцна дружба
їм нема числа	їм нема ліку
інагурація	інавгурація
інбир	імбир
індючка	індичка
інженер-будівник	інженер-будівельник
іноземний текст	іншомовний текст
машинобудівництво	машинобудування
інформативні бюлетні	інформаційні бюлетені
інформація щодо	інформація про
інциндент	інцидент
інша половина	друга половина
іншими словами	інакше кажучи
іонізуюча радіація	іонізаційна радіація
іорданія	йорданія
ісконно наші	відвічно / споконвіку наші
існує десять напрямків розвитку	є десять напрямів розвитку
існуюче мито	чинне мито
їстивні гриби	їстівні гриби
істинно так	достеменно так
історично-меморіальний	історико-меморіальний
їх ватажок	їхній ватажок
далеко більше	значно більше
їхати по справі	їхати у справі
їхні потуги були марними	їхні наміри були марними
ішли опади у вигляді снігу	ішов сніг
йдучи назустріч численним проханням	задовольняючи численні прохання
йоан	іван
вислано для студіювання музики	вислано студіювати музику
гостроти	дотепи
просквозило	протягло
серце обірвалося	серце перестало битися
прийняли як	сприйняли як жарт / вважали за жарт
люба пісня	будь-яка пісня
попало від батька	дісталося від батька
прийшлося	довелося
присвоєно звання	йому надано звання
затрачена енергія	витрачена енергія
у вигляді кари	за кару
підходяща кандидатура	відповідна кандидатура
кіно-концертний	кіноконцертний
кінолента	кінострічка
коперніка	коперника
кінський	кінний
кінчати	скінчити / закінчити
мурликає	муркоче
казіно	казино
казначейський білет	білет державної скарбниці
калушський	калуський
кам'яний	ґрунт
грунт	ґрунт
кампанія здійснюється успішно	кампанія ведеться успішно
кампанія по виборах	кампанія щодо виборів
канівчанка	канівка
канцелярські приладдя	канцелярське приладдя
капає дощ	крапає дощ / накрапає дощ
капля	крапля
капризна дитина	вередлива (примхлива) дитина
кардинально відмінні	суттєво відмінні
картонна система	карткова система
картопля в мундирах	картопля в лушпинні
картофельне пюре	картопляне пюре
карцерогени	канцерогени
виручка	виторг
категорично не можу	ніяк не можу
кахель	кахлі
словакія	словаччина
квінтенсенція	квінтесенція
кваліфікаційна медична допомога	кваліфікована медична допомога
квартира з усіма зручностями	квартира з усіма вигодами
кватирувати	квартирувати
керівника назначають	керівника призначають
керуючий тресту	керівник тресту
кесареве січення	кесарів розтин
києвлянка	киянка
китайські громадяни	громадяни китаю
кліщі	обценьки
кладовка	комора
протиріччя	класові
клеймо	тавро
клонить до сну	сон клонить / знемагає / томить / на сон хилить / дрімота бере
на багатьох мовах	багатьма мовами
книжковий склад	книжкова комора
книжний магазин	книжковий магазин / книгарня
коверкати слова	калічити слова
коврові дорожки	килимові доріжки
слюна	слина
кожен з тих разів	кожного разу
кожна хвилина часу	кожна хвилина
потомки	нащадки
говорити колкості	говорити ущипливі слова / шпигати словами
колледж	коледж
кольористика	колористика
кольорова капуста	цвітна капуста
вкладиш	вкладка
під головуванням	на чолі з
командування флотом	командування флоту
компенсація у випадку каліцтва	компенсація за каліцтво
комплектуючі	комплектувальні
компроментувати	компрометувати
комунікаційна функція	комунікативна функція
комфорка	конфорка
комфортабельні умови	комфортні умови
комфортний літак	комфортабельний літак
конкурентноздатний	конкурентоспроможний
конкурентом молокозаводам був	конкурентом молокозаводів був
консолідуюча ідеологія	ідеологія консолідації
константувати	констатувати
контактний телефон	телефон
контраст кольорових площин	контраст колірних площин
на честь	з нагоди
конференція по	конференція щодо
пройшов з великим успіхом	мав великий успіх
коньюктивіт	кон'юнктивіт
коньюктура	кон'юнктура
копченості	копченина
корінним образом	докорінно
кораблебудівельний	кораблебудівний
коригуюча гімнастика	коригувальна гімнастика
користуватися вспишкою	користуватися лампою-спалахом
льготи	пільги
користуються найбільшою популярністю	здобули, мають найбільшу популярність
користуються найбільшою увагою	привертають найбільшу увагу
користуватися попитом	мати попит
користуватися старим гардеробом	використовувати старий гардероб
кормити	годувати
коротка ремарка	ремарка
коротше кажучи	коротко кажучи
кошти йдуть	кошти спрямовуються
коштовно обходитися	дорого обходитися
країна кленового листа	країна кленового листка
крайнє недопустимі	вкрай недопустимі
крайній строк	крайній термін
буде відчинено з обіда	буде відчинено після обіду
красити	фарбувати
кращі з кращих	найкращі / щонайкращі
креветочне масло	креветкове масло
крига рушила	крига скресла
крижовник	аґрус
кримсько-татарський	кримськотатарський
кристально чистий	кришталево чистий
неполадків	критика
кровавий	кривавий
кровельщик	покрівельник
кровожадний	кровожерний
кровопідтоки	синці
крокувати	простувати / йти / прямувати / рушати / ступати
круглодобовий режим	цілодобовий режим
круглодобово	цілодобово
круглорічно	цілорічно
кружевний	мереживний
кружка	кухлик
крупні підприємства	великі підприємства
крупний твір	визначний твір
крупним планом	широким планом
крупногабаритний	великогабаритний
крутиться голова	паморочиться в голові
самосвал	самоскид
кульчики	сережки
гов'ядина	яловичина
сельодка	оселедець
качан капусти	головка капусти
лоток яїчок	лоток яєць
пирожне	тістечко
купляти	купувати
куриний	курячий
курс долара росте	курс долара зростає
локті	лікті
куштуйте на здоров'я	їжте на здоров'я
ліжковий режим	лікарняний режим
лізти зі шкіри	пнутися зі шкури
рожон	рожен
лікарняний фах	лікарський фах
лікбез	лікнеп
ліки від	ліки проти
голодання	голодування
лікуючий лікар	лікар-куратор
лісне господарство	лісове господарство
земляніка	суниця
лічильник включено	лічильник увімкнено
лакіровка	дійсності
лакомство	ласощі
ларки	кіоски
ласкати	пестити
леб'яжий пух	лебединий пух
пайка	частка
недомогання	нездужання
легкоранимий	вразливий
легше всього	найлегше
листати журнал	гортати журнал
листв'яний	листяний
листки з книжок	аркуші з книжок
лиш тільки	як тільки / тільки-но
лишити прав	позбавити прав
лоботряс	лобур
логово	лігво
лом	брухт
ломана лінія	ламана лінія
лощина	видолинок / виярок / лощовина
лузгати	лузати
одиничні постріли	поодинокі постріли
львівська спілка письменників	львівська організація національної спілки письменників
любимець	улюбленець
до безтями	до нестями
рибалка	риболовля
спорити	сперечатися
почали тікати	кинулися тікати
людина рідкісної доброти	винятково добра людина
люксембургського	люксембурзького
люксембурці	люксембуржці
лютуюча криза	люта криза
м'явкати	нявкати
м'ягкі меблі	м'які меблі
м'ягкотілість	м'якотілість
м'якіший	м'якший
м'ясомолочна продукція	м'ясо-молочна продукція
не потрапив у ворота	не влучив у ворота
рудно	рудне
міжособисті стосунки	взаємостосунки
мізгують	мізкують
мілка тема	дрібна тема
мілошевич	милошевич
мінінгіт	менінгіт
міри безпеки	заходи безпеки
мукачів	мукачеве
місто яблонець над тисою	місто яблонець-над-тисою
казна	скарбниця
мітингуючі	мітингувальники
тормози	гальма
тілобудова	будова тіла
міцна течія	сильна течія
має більше шансів від інших	має більше шансів, ніж інші
має багато противників	має багатьох противників
насмарк	нежить
має широке застосування	широко застосовується
мається на увазі	ідеться про
магазин пам'ятних сувенірів	магазин сувенірів
майбутній рік	наступний рік
майстерний віртуоз	віртуоз
максимум ініціативи виявили	якнайбільше ініціативи виявили
ножниці	ножиці
отвьортка	викрутка
мали місце бої	точилися бої
мали презентаційний характер	були презентаційними
малокрів'я	недокрів'я / анемія
малювати кісточкою	малювати пензлем
маніфестуючі	маніфестанти
мандрівка по львову	мандрівка львовом
манкурство	манкуртство
маньяк	маніяк
марнотрацтво	марнотратство
масло рослинне	олія
масло-какао	кавова олія / олія-какао
масло-сиромолочний	маслосиромолочний
маслобойка	маслоробка
масляна фарба	олійна фарба
матеріали порушень законодавства	матеріали про порушення законодавства
допомога для будівництва	допомога в будівництві
мати по максимуму	мати за максимумом
претензії між собою	претензії одне до одного
мати свою позицію	мати власну позицію
матч може пройти	матч може відбутися
машини навантажені нехитрим домашнім скарбом	машини навантажені нехитрим (небагатим) хатнім (домашнім) майном
машинобудівельний завод	машинобудівний завод
на користь україни	для добра україни
мебельний магазин	меблевий магазин
медзаключення	медвисновок
медицина признала	медицина визнала
меліоративні землі	меліоровані землі
мелять зерно	мелють зерно
меморіальний пам'ятник	пам'ятник
мені все рівно	мені байдуже / однаково
менш усього	менш за все
металічний каркас	металевий каркас
методи обробки грунту	методи обробітку ґрунту
метушилися пожежні	метушилися пожежники
механо-складальні роботи	механоскладальні роботи
мешканці хмельницька	мешканці хмельницького
громадське суспільство	громадянське суспільство
навиків	навичок
не станемо зупинятися	не будемо зупинятися
милості прошу	щиро запрошую
безнаказанно	безкарно
миндальний торт	мигдалевий торт
минулоріч	торік
минулорічний	торішній
миролюбивий	миролюбний
миротворницькі сили	миротворчі сили
митися в бані	митися в лазні
митна очистка	проходження через митницю
митний пропуск	митна перепустка
миючі засоби	мийні засоби
мнима угода	фіктивна угода
многолітнє ув'язнення	багатолітнє ув'язнення
многообіцяючий результат	багатонадійний результат
многостраждальна ічкерія	багатостраждальна ічкерія
моє особисте враження	особисте враження
мов висічене з каменю	мов витесане з каменю
пелена спала з очей	полуда спала з очей
по команді	за командою
моделів	моделей
модернові часи	новітні часи
можна спостерегти за	можна простежити за
молебний будинок	молитовний будинок
рожениці	породіллі
супруги	подружжя
молодожони	молодята
монополісти по видобутку	монополісти з видобутку
у нас на виду	у нас на очах
моркв'яний	морквяний
іго	ярмо
мочовий міхур	міхур
мошкара	мошка
моя автобіографія	моя біографія / автобіографія
правка	поправка
моя хата з краю	моя хата скраю
мульке дно	мулисте дно
мусіти	мусити
мухи не обідить	мухи не скривдить
нівіляції	нівеляції
ніде голки увіткнути	ніде голки встромити
нікельовий лист	нікелевий лист
нікому не прийде в голову	нікому не спаде на думку
ніхто вас не дорікне	ніхто вам не дорікне
не хоче уступити	не хоче поступитися
ніхто, не рахуючи одного	ніхто, крім одного
ніяковіючи	зніяковіло
надоїв	набрид
надоїла	набридла
надоїдає	набридає
надоїло	набридло
на єлісейських полях	на єлисейських полях
на авось	навмання
на азіатському континенті	на азійському континенті
на берегу річки	на березі річки
на березі західного буга	на березі західного бугу
на відповідь не треба було довго чекати	на відповідь не довелося довго чекати
на взаємоприйнятих засадах	на взаємоприйнятних засадах
на виробничому об'єднанні	у виробничому об'єднанні
на власному досвіді знаємо	з власного досвіду знаємо
на вудочку	на гачок
на вул. криворіжській	на вул. криворізькій
на галичині	у галичині
на горі говерла	на горі говерлі
на далекому сходу	на далекому сході
на дальньому від будинку кінці ставка	на віддаленому від будинку кінці ставка
на дніпропетровській землі	на дніпропетровській землі
на догоду завойовників	на догоду завойовникам
на долонях рук	на долонях
на дому	вдома
голольод	ожеледиця
на етнографічних землях	на етнічних землях
на захисті держави стоять	в обороні держави стоять
на зворотній дорозі	повертаючись
на куті вулиць	на розі вулиць
на літру води	на літр води
на наш погляд	на нашу думку (гадку)
на обочині	на узбіччі
на підставі достовірних даних	на підставі перевірених даних
на праві особистої власності	по праву особистої власності
на противагу від україни	на противагу україні
на противагу усталених поглядів	на противагу усталеним поглядам
на розвалинах імперії	на руйновищі / руїнах імперії
на святоюрській площі	на святоюрській площі
корейка	кореянка
на ступінь вище	на щабель вище
на сьогоднішній день	сьогодні
на тобі, боже, що мені негоже	на тобі, небоже, що мені негоже
наїздники	наїзники
набагато вищу зарплату	значно вищу зарплату
набожні люди	побожні люди
набувають знання	здобувають знання
нав'язчива ідея	настирлива / невідчепна ідея
навідмаш	навідліт
навіть з огляду на високі ціни	хоч ціни й високі
навіть при наявності таких товарів	навіть з такими товарами
навіть при цих зв'язках	навіть із цими зв'язками
навішують йому всіх собак	вішають на нього всіх собак
наважились на	зважилися на
наведеного явища	згаданого явища
навколишнє оточення	навколишнє середовище / довкілля
академія художеств	академія мистецтв
нагла відповідь	зухвала відповідь
наглий	нахабний
наглядний	наочний
смок	смог
надіслати по почті	надіслати поштою
надіслати термінову депешу	надіслати депешу
надіти сорочку	надягти сорочку
надати статистику	подати статистику
надавати перевагу	віддавати перевагу
похолодало	похолодніло
надокучати	набридати
надсилати за адресою	надсилати на адресу
нажати на	натиснути на
назвати факти	навести факти
наздогнати упущене	надолужити прогаяне
назначити на посаду	призначити на посаду
найтонкіші	найтонші
наказати злочинця	покарати злочинця
накаляти атмосферу	розпалювати атмосферу
наклонна площина	похила площина
накопичувати знання	нагромаджувати знання
накопичувач енергії	нагромаджувач енергії
накрити горщик кришкою	накрити горщик покришкою
налагодься на мирну розмову	налаштуйся на мирну розмову
рюмка	чарка
нанесені збитки	завдані збитки
напад татарів	напад татар
напильник	терпуг / напилок
написати жалоба	написати скаргу
об'ява	оголошення
напиток	напій
наповнити автомашину	навантажити автомашину
нарівні європейських країн	нарівні з європейськими країнами
наради по дальшій організації форуму	наради над дальшою організацією форуму
наробити досвід	напрацювати досвід
народний фольклор	фольклор
народно-господарський	народногосподарський
моральні начала	моральні засади
населеність землі збільшується	кількість населення землі зростає
наслідуючи приклад	беручи за приклад
настійлива потреба	настійна потреба
настала тишина	запала тиша
настольна книжка	настільна книжка
настояти	наполягти
наступає весна	настає весна
наступає полегшення	настає полегшення
наступила тиша	настала, залягла, запала, запанувала тиша
наступні факти	такі факти
наступним кроком в економіці	дальшим кроком в економіці
натощак	натще, натщесерце
натянутий сміх	удаваний / нещирий / неприродний сміх
командировка	відрядження
науковий робітник	науковий працівник
національновизвольний	національно-визвольний
безмежні дебати	нескінченні дебати
нащипнеш цибулі	нащипаєш цибулі
не боги горшки ліплять	не святі горшки ліплять
не буде з нього толку	не буде з нього пуття
не дивлячись на	незважаючи на
не дозволяє з'ясувати	не дає змоги з'ясувати
не завжди тої якості, яка вимагається	не завжди такої якості, як вимагається
іранська мова	перська мова
не зупиняє браконьєрів	не стримує браконьєрів
не мішай мені	не заважай мені
не мішало б	не завадило б
не мати встиду	не мати сорому
не мати часу для думок	не мати часу на роздуми
не може відрізнити літер	не може розрізнити літер
не може оправитися	не може оговтатися
не оправдав надії	не виправдав надій
пушечний вистріл	гарматний постріл
не складають винятку	не є винятком
небагаточисельні протести	нечисленні протести
небачений щит з біострумів	невидимий щит з біострумів
невідомо, коли це рішення виконається	невідомо, коли це рішення буде виконане
невірні передумови	хибні передумови
недуг	хвороба
неврологічні болі	невралгічні болі
поступки	вчинки
негативна печать	негативний відбиток
недобросовісні сторожі	несумлінні охоронці
недолік	хиба / вада / огріх
недоробляємо	недопрацьовуємо
недостойна поведінка	негідна поведінка
незамінимі фахівці	незамінні фахівці
незамінима річ	незамінна річ
незворотний процес	необоротний процес
незнаючий	необізнаний
незчисленні жертви	незліченні жертви
неймовірно чешеться голова	неймовірно свербить голова
нема можливостей на відкриття	нема можливості для відкриття
немає і тіні сумніву	нема найменшого сумніву
немаловажна роль	важлива роль
немовби і справді	немовби й справді
необхідні ліки	відповідні ліки
непередбачлива істота	непередбачувана істота
непогрішимість	непогрішність
непоодиноке попередження	неодноразове попередження
непоправимі збитки	непоправні збитки
непригодний	непридатний
непроторена стежина	невторована стежина
нерадивий працівник	недбалий працівник
нервова напруженість	нервова напруга
нерозбериха	безлад
нести ахінею	верзти нісенітниці / говорити дурниці
неув'язки	непогодженості
нехай попробують перешкодити	нехай спробують перешкодити
нечленороздільна мова	нерозбірлива мова
нижня білизна	спідня білизна
нинішньорічний бюджет	цьогорічний бюджет
ноєв ковчег	ноїв ковчег
булавки	шпильки
гімнастьорка	гімнастерка
качеля	гойдалка
краска	фарба
простинь	простирадло
фуражка	кашкет
піднос	таця
переключатель	перемикач
прицеп	причіп
програмний матеріал	програмовий матеріал
утюг	праска
фонарик	ліхтарик
новомісяччя	молодий місяць / молодик
ноль градусів	нуль градусів
золота цепочка	носити золотий ланцюжок
шашка	шабля
носять динамічний характер	мають динамічний характер
нудьга гложе	нудьга гнітить
нужди	запити
обіжатися	ображатися
обізнаний у ситуації	обізнаний із ситуацією
обдати кип'ятком	облити окропом
обезболюючи	знеболюючи
обездолений	знедолений
обеззброїти	роззброїти
обжарювати	обсмажувати
обидвома ногами	обома ногами
обирати в академіки	обирати академіком
обліпіха	обліпиха
облучений	опромінений
облюбувати	уподобати
обмін думок	обмін думками
гонор	честь
обставляти квартиру	умебльовувати квартиру
обувна щітка	щітка для взуття
обширний інфаркт	широкий інфаркт
овена	овна
овочеве блюдо	овочева страва
овощний	овочевий
оголосити факти	оприлюднити факти
письмо	одержав лист
одержати по заслузі	дістати по заслузі
один за другим	один за одним
один сум, зневіра	тільки сум, зневіра
одинакові	однакові
одинокі люди	самотні люди
одноособове господарство	одноосібне господарство
одобрити проект	схвалити проект
одуванчик	кульбаба
одягти чоботи	взути чоботи
одягти шапку	надягти шапку
оживший	ожилий
озвірівший	озвірілий
опікувати один одного	опікуватися одне одним
опанувати технікою	опанувати техніку
опинитися в дурнях	пошитися в дурні
опиратися на досвід	спиратися на досвід
опираючись на досвід	спираючись на досвід
оплата мита	сплата мита
оплата по тарифу	оплата за тарифом
оплатить винагороди	виплатить винагороди
оплачувати за проїзд	платити за проїзд
ополудні піски розпеклися	опівдні піски розпеклися
опустити у воду	занурити у воду
орієнтовані дані	орієнтовні дані
організації ідуть нам назустріч	організації сприяють нам
організація звільнення країни	організація визволення країни
органи самоуправління	органи самоврядування
освічена місяцем вулиця	освітлена місяцем вулиця
освоєння передових ідей	засвоєння передових ідей
освоїти мову	опанувати мову
освоїти правила	засвоїти правила
освячення пасок	свячення пасок
оснащені краще всіх	оснащені краще за всіх
основа для звільнення	підстава для звільнення
основа для розлучення	привід для розлучення
основна вулиця	головна вулиця
особистий склад військової частини	особовий склад військової частини
особливий сентимент	особливі сентименти
осуджувати до страти	засуджувати до страти
отримала визнання	дістала визнання
отримали освіту	здобули освіту
отримати дозвіл для виїзду	отримати дозвіл на виїзд
отримують на руки копійки	дістають на руки копійки
отчайдушні зусилля	відчайдушні зусилля
офіціальний	офіційний
охримович	охрімович
п'янка	пиятика
градусів по цельсію	градусів за цельсієм
гривнів	гривень
загинуло на ножах	загинуло від ножів
понятно	зрозуміло
поняв	зрозумів
поняла	зрозуміла
південнобережжя криму	південнокримське узбережжя
півфабрикати	напівфабрикати
під акомпонемент	під акомпанемент
під кінець дня	наприкінці дня
під караулом	під вартою
під керівництвом диригента	під керуванням диригента
під майонезом	з майонезом
під ранок	на ранок
під редакцією професора	за редакцією професора
під рукою мав усе необхідне	напохваті мав усе потрібне
під стать	до пари
під строгим контролем	під суворим контролем
під час канікулів	під час канікул
під час мисливства	під час полювання
під час підрахунків голосів	під час підрахунку голосів
під час роботи над монтажем	під час монтажу
підбір кадрів	добір кадрів
підбивати результати	аналізувати результати
підбирати кадри	добирати кадри
підведе підсумки	підіб'є підсумки / підсумує
підведення підсумків	підбиття підсумків
підвищення престижу	піднесення престижу
підвищити в посаді	підвищити на посаді
підвищувати кількість	збільшувати кількість
підводячи підсумки	підсумовуючи / підбиваючи підсумки
підгодовувати рослини	підживляти рослини
підготовити матеріали	підготувати матеріали
підготувати ходатайство	підготувати клопотання
піддали аналізу роботу комісії	проаналізували роботу комісії
піддаються смертельній небезпеці	зазнають смертельної небезпеки
піджарена ковбаса	підсмажена ковбаса
піджолудочна железа	підшлункова залоза
підйом прапора	підняття прапора
підкоряється законам	підпорядковується законам
підложити	підкласти
підмітити вади	помітити вади
піднімали на глузд	підіймали на глум
піднімають кампанію	здіймають кампанію
піднімаються проблеми	порушуються проблеми
піднести до степені	піднести до степеня
піднести квіти	вручити квіти
підняти тост	виголосити тост
підняти шум	зчинити галас
підписатися на зібрання творів	передплатити зібрання творів
підписи на проведення референдуму	підписи за проведення референдуму
підписка газет	передплата газет
підростаюче покоління	памолодь, молоде покоління
підсумки проводитимуться щорічно	підсумки підбиватимуться щорічно
підтвердження цьому	підтвердження цього
підтвердженням останнього було	підтвердженням цього було
підтверджено про те, що	підтверджено, що
підтвердилося страшне пророцтво	збулося страшне пророцтво
підтримання економіки	підтримка економіки
підтримка процесам	підтримка процесів
підчеркнути	підкреслити, наголосити
підчинятися	підлягати, підкорятися
пікетники окружили приміщення	пікетники оточили приміщення
пільгова путьовка	пільгова путівка
після відбуття карантину	відбувши карантин
пісні циганів	пісні циган
піти в читалку	піти в читальню
піти на консультацію до юриста	звернутися за консультацією до юриста
пішов у відпуск	пішов у відпустку
пішохід	перехожий
падіння виробництва	спад виробництва
палатка	намет
пам'ятається	пригадується
пам'ятається літо	пригадується літо
пам'ятник шевченка	пам'ятник шевченкові
пан отче	панотче
пануюча мова	панівна мова
папіросний дим	цигарковий дим
паперова волокита	паперова тяганина
парольний сигнал	парольне гасло
парохіяни	парафіяни
пару квіток	кілька квіток
пасти смертю хоробрих	полягти як герой
пеняй сам на себе	нарікай (ремствуй) сам на себе
перебувають на лікуванні	лікуються
перев'язочний матеріал	перев'язний матеріал
перевалочна база	перевальна база
перевернути сторінку	перегорнути сторінку
переводити текст	перекладати текст
перегружена машина	перевантажена машина
переді мною повстала картина	переді мною постала картина
передає це образно	висловлюється образно
передати гроші через сина	передати гроші сином
передвиборча кампанія	передвиборна кампанія
передовий авангард	авангард
переймати досвід	запозичувати досвід
перекличка	переклик
переконані дані	переконливі дані
перекупщики	перекупники
перелік вести до незакінченності	перелічувати до нескінченності
перелік далеко не закінчений	перелік аж ніяк не закінчується
перемога гребців	перемога веслувальників
перенесення мощів	перенесення мощей
переписка з читачами	листування з читачами
переповнений невиразного горя	переповнений невимовним горем
перепоручені	передоручені
переслідувати мету	мати перед собою мету
перетворювати в життя	втілювати в життя
перетин кордону	перетинання кордону
перетурбації	пертурбації
перехресток	роздоріжжя, перехрестя
перецідити	процідити
перечислити	перелічити
персидська мова	перська мова
першим ділом треба ухвалити	насамперед треба ухвалити
першить в горлі	дере в горлі
пече жжога	пече печія, згага
пилинка в оці	порошинка в оці
писемне приладдя	письмове приладдя
питтєва вода	питна вода
пишній квиток	зайвий квиток
пишущий ці рядки	автор цих рядків
планується прослухати звіти	планується заслухати звіти
пласт землі	скиба землі
платежоспроможний	платоспроможний
платочки голубі	хустинки блакитні і голубі
плащ-палатка	плащ-намет
плетуть лапті	плетуть личаки
плисти по течії	пливти за течією
плодотворна діяльність	плідна діяльність
плодючі чорноземи	родючі чорноземи
площа св. юра	площа святого юра
плювати в стелю	байдики бити, байдикувати
плюшевий	оксамитовий
плямувати ворогів	таврувати ворогів
пляцок	паляничка
по інерції	за інерцією
по безготівкових рахунках	за безготівковими рахунками
по вівторках	щовівторка
по відношенню до селян	щодо селян
по вашому наказу прибув	за вашим наказом прибув
по веденню господарства	для ведення господарства
по великому рахунку	за великим рахунком
по вертикалі і горизонталі	за вертикаллю і горизонталлю
по виконанні завдання	виконавши завдання
по вині дітей	з вини дітей
по вказівці	за вказівкою
по власному розсуду	на власний розсуд
по врегулюванню	щодо врегулювання
по всім питанням дав правильну відповідь	на всі питання дав правильну відповідь
по всіх правилах	за всіма правилами
по всякому поводу	з будь-якого приводу
по закінченню роботи, треба прибрати	закінчивши роботу, треба прибрати
по заказу	на замовлення
по закону	за законом
по заявках	відповідно до заявок
по кількості викидів	за кількістю викидів
по категоріях	за категоріями
по кордону	уздовж кордону
по крайній мірі	принаймні, щонайменше, у всякому разі
по ліву сторону	ліворуч
по ліцензії	за ліцензією
по мірі можливості	у міру сил
по місцям	на місця
по можливості швидше	якомога швидше
по неуважності	через неуважність
по нинішній день	донині
по нинішнім міркам	як на нинішні мірки
по номіналу	за номіналом
по підрахунках	за підрахунками
по перерахунку	за перерахунком
по полю їде трактор	полем їде трактор
по праці й честь	за працю й шана
по простоті душевній	із сердечної простоти
по рецепту лікаря	за рецептом лікаря
по руках	згода
по своїй сутності	за своєю сутністю
по слухах	за чутками; з чуток
по спеціальній технології	за спеціальною технологією
по старій звичці	за старою звичкою
по старих цінах	за старими цінами
по старості літ	через старість
по сходній ціні	за прийнятну ціну
по тій причині	з цієї причини
по телевізору виступив	по телебаченню виступив
по темі	на тему
по той бік прута	по той бік пруту
по факту реалізації	за фактом реалізації
по цій темі має декілька статей	на цю тему має кілька статей
по цьому договору	за цим договором
по четвертині склянки	по чверті склянки
по чисельності	за чисельністю
по якій тужить	за якою тужить
по якій ціні масло	скільки коштує масло
по-мойому вийшло	на моє вийшло
поїзд далекого слідування	поїзд далекого прямування
поїздка у венгрію	поїздка в угорщину
поінколи	інколи / часом
повістка дня	порядок денний
повальний	суцільний, поголовний
повели себе з ганною	повелися з ганною
поверхом вище	на поверх вище
повзати на карачках	лазити рачки
повздовжний	повздовжній
повзе таракан	повзе тарган
повинні були бути	мали бути
повне розбавлення	повне розчинення
повний стакан молока	повна склянка молока
поводилася високомірно	поводилася зверхньо
повсякому	всіляко
погляди щодо єдності	погляди на єдність
поговорити по душам	поговорити щиро, відверто
погранична застава	прикордонна застава
погриб	погріб
подібним чином	так само
подібно на лотерею	подібно до лотереї
подія для політичного життя міста	подія в політичному житті міста
подавати підтримку	надавати підтримку
жаркоє	печеня
заяви на вступ	заяви про вступ
подальше ознайомлення	дальше ознайомлення
подача документів	подання документів
подорожуючий	подорожній
розводиться	розлучається
розводитись	розлучатись
пожаліється	поскаржиться
пожертвування	пожертви
позбутися від звички	позбутися звички
покінчити життя самогубством	заподіяти собі смерть
пока	бувай будь здоров
показалось	здалося
покрашені	пофарбовані
покращення справ	поліпшення справ
плісінь	цвіль
покупка	купівля
полднік	полуденок, підвечірок
поля капелюха	криси капелюха
поміняно	змінено
померший	померлий
попадання ракети	влучення ракети
попадати в біду	опинитися в біді
безвихідне положення	безвихідь
поплутати	переплутати (сплутати)
пополам	навпіл
поправити положення	виправити становище
поприще мистецтва	нива мистецтва
попросту кажучи	просто кажучи
попугай	папуга
порівнювати до минулого	порівнювати з минулим
поражене	уражене
пораження	ураження
порвані зв'язки	розірвані зв'язки
породні	породисті
порядні прибутки	чималі прибутки
поселився в	оселився
по сусідству	в сусідстві
посилаються на факт	покликаються на факт
за хлібом	по хліб
послуговується обставинами	керується обставинами
послужив стимулом	став стимулом
поспішно	поспіхом
постільки, поскільки	остільки, оскільки
постає питання	постає запитання
поставити в приклад	поставити за приклад
поставити претензії	висунути претензії
поставка	постачання
постановка	вистава
посторонні люди	сторонні люди
постраждали від	потерпіли від
поступив до інституту	вступив до інституту
поступив до університету	вступив до університету
поступив у лікарню	потрапив до лікарні
поступили заяви	надійшли заяви
потерпіти фіаско	зазнати фіаско
потратив час	витратив час
похожі	схожі
похорони	похорон
щодо доцільності	над доцільністю
почали летіти	полетіли
почасова	погодинна
початкуючий	початківець
починає таяти сніг	починає танути сніг
заморозки	приморозки
починаються симптоми	з'являються симптоми
почули носом	відчули носом
поштовий ящик	поштова скринька
пояснююча записка	пояснювальна записка
пріорітет	пріоритет, перевага
представляти факти	подавати факти
держати	тримати
правові причини	правові підстави
правоохоронники	правоохоронці
пражський	празький
праобраз	прообраз
таможня	митниці
безупину	без упину
для блага	на благо
по найму	за наймом
превалювати	переважати
представляв собі	уявляв собі
представлятися	відрекомендуватися, назвати себе
прейскурант цін	прейскурант
при будь-яких обставинах	за будь-яких обставин
збереження правил	додержання правил
при читанні вголос	читаючи вголос
приємна посмішка	приємна усмішка
прибавить мені сили	додасть мені сили
прибули миттєво	прибули миттю
привітатися до	привітатися з
приватизовуються	приватизуються
приведені показники	наведені показники
привести у належний стан	упорядкувати
привикати	звикати
привити любов	виховати любов
приводити приклад	наводити приклад
приговор	присуд, вирок
пригодиться	знадобиться
пригородня	приміська
приймати близько до	брати близько до
приймати заходи	вживати заходів
приймати присягу	складати присягу (присягати)
роди	пологи
приймати участь	брати участь
прийняли обіт	прийняли обітницю
прийнято до уваги	взято до уваги
прийшла удача	пощастило, поталанило
прийшли до висновку	дійшли висновку
прийшов до пам'яті	отямився, опам'ятався, опритомнів
прийшов час	настав час
приказ	наказ
полоса	смуга
приміняли силу	застосовували силу
приналежність	належність
принесло збитків	завдало збитків
принесло ускладнення	викликало ускладнення
принести переворот	зробити переворот
принести подяку	скласти подяку
приносити неприємності	завдавати прикрощів
прирікаються	приречені
прислуховуються до	прислухаються до
пристальний	пильний, уважний
пристально	пильно
присутній серед	присутній в
приходити до відчаю	зневіритися, впадати в розпач
приятельськії	приятельські
про необхідність	про потребу
про смаки не сперечаються	у кожного свій смак
білет	квиток
пробка	корок
провіряти	перевіряти
скидка	знижка
продовгуватий	довгастий
продовження буде	далі буде
проект	проєкт
прожиточний мінімум	прожитковий мінімум
пройде час	мине час
голчине вушко	вушко голки
лоббі	лобі
проникаючий	проникний
проникся бажанням	пройнявся бажанням
пропав без вісті	пропав безвісти
пророблена робота	виконана робота
гадалка	ворожка
просверлена	просвердлена
просипатися	прокидатися
прославив себе	прославився
просто-напросто	просто, всього-на-всього
простокваша	кисле молоко
повзком	поповзом
просякати	просочитися
противопоказано	протипоказано
протирічити	суперечити
протирічливі	суперечливі
протиріччя	суперечності
протягнути руку	простягнути руку
профсоюз	профспілка
прохолоджуючі напої	освіжні, прохолодні напої
проявив вірність	залишився вірним
проявляється	відчувається
проявляється	виявляється
проявляв	виявляв
проявляють	виявляють
птиця фенікс	птах фенікс
рідкі випадки	поодинокі випадки
рідка маса	рідина
тьотя	тітка
різдв'яне свято	різдвяне свято
різні прийоми	різні способи
різномастний	різномастий
рік невдалий	рік несприятливий
ріст	зростання
річний транспорт	річковий транспорт
рішали задачу	розв'язували задачу
радувати око	тішити око
раз в	раз на
раз за разом	раз по раз
раз-у-раз	раз у раз
ракетоносець	ракетоносій
раннім ранком	раннього ранку
раньше всього	передусім, насамперед, найперше
регістр слів	реєстр слів
приносити свої вибачення	просити вибачення, перепрошує
резинові	гумові
толеранція	толерантність
рельси	рейки
ремешок	ремінець, ремінчик
ремонт мебелі	ремонт меблів
риболовецьке	рибальське
рижа	руда
риночний	ринковий
рискувати	ризикувати
погребіння	похорон
ричаг	важіль
робити зусилля	докласти зусиль
робити покупки	купувати
робити помітки	робити позначки
робочий телефон	службовий телефон
роговиця	рогівка
родильний	пологовий
розбалувана	розпещена
розбивати палатки	ставити намети
дотла	вщент
розвити думку	розвинути думку
сітка підприємств	мережа підприємств
розводити багаття	розкладати багаття
розводити овочі	вирощувати овочі
розводящий ключ	розвідний ключ
розглядання питання	розгляд питання
розгорілися пристрасті	розпалилися пристрасті
розгорнутий план	розгорнений план
розгорталася ситуація	розгорталися події
розділяти позицію	поділяти позицію
роздається голос	розлягається, лунає голос
роздався телефонний дзвінок	подзвонив телефон
роздягалка	роздягальня
розжати зуби	розціпити зуби
розжати руку	розтулити руку
роза	троянда
розмір статті	обсяг статті
тупик	глухий кут
на українській мові	українською мовою
рознічна	роздрібна
розпечатувати конверт	розкривати конверт
розповсюдження	поширення
розповсюджую	поширюю
розпорядницькі обов'язки	розпорядчі обов'язки
галаконцерт	гала-концерт
розпродажа	розпродаж
розсосатися	розсмоктатися
розторгнення договору	розірвання договору
розтяжиме	розтяжне
розумітися в	розумітися на
розходження	розбіжності
рокова	фатальна
їда	їжа
ростворима	розчинна
руйнуюча	руйнівна
рукою подати	поблизу; недалеко ходити
руминія	румунія
рухома сила	рушійна сила
зварка	зварювання
рятівна експедиція	рятувальна експедиція
клюква	журавлина
руль	кермо
садовод	садівник
сама по собі	сама собою
самий древній	найстародавніший, найдавніший
самоучитель	самовчитель
печення	печиво
світ заочі	світ за очі
светер	светр
своєчасний	вчасний
відкритка	листівка
сердечна недостатність	серцева недостатність
серце зжимається	серце стискається
серцевидна	серцеподібна
рядом зі мною	поруч мене (зі мною)
силою забирали	силоміць забирали
помєхи	перешкоди
зуд	свербіння
симпатизуючий	симпатик
скільки годин	котра година
скважина	свердловина
пончик	пампух
складати враження	створювати враження
посуда	посуд
сковзько	ковзко, слизько
сковородка	сковорідка
скорочується чисельність	зменшується чисельність
скрежет	скрегіт
скриватися	переховуватися
скрипічний ключ	скрипковий ключ
скритися з виду	зникнути з очей
скромничать	удавати скромного
скряга	скнара
скучати	сумувати (тужити)
їхати слідом	їхати услід
слідуюча	наступна
слідуючий	наступний
предвзятість	упередженість
слабе місце	уразливе місце
слабосильний	слабосилий
сливочне масло	вершкове масло
слизиста оболочка	слизова оболонка
внушання	навіювання
слойоний торт	листковий торт
служить прикладом	є прикладом
служить підставою	є підставою
пластинка	платівка
сміху ради	задля сміху; щоб посміятися
клубніка	полуниця
лапша	локшина
смисл слова	значення слова
снігурочка	снігуронька
соковижималка	соковитискувач, сокоробка
солідарність до	солідарність із
солодкоїжка	ласун, ласунка
сон збувся	сон справдився
сота меду	стільник меду
софіївська площа	софійська площа
соціально-корисний	соціально корисний
сочне	соковите
співпадають дані	збігаються дані
співплемінник	одноплеменець
співставляти	зіставляти
спілкуються між собою	спілкуються
спішать	поспішають
спадання	спад
спасительний дух	спасенний дух
сплата боргу по частинах	сплата боргу частинами
сплатити по кредитах	сплатити за кредитами
спокійної ночі	на добраніч
спонукує	спонукає
освоїлися з	звикли до
спостерігальник	спостерігач
спостережна дитина	спостережлива дитина
спохватилися	спохопилися
тонка справа	делікатна справа
справедливості ради	заради справедливості
запущена	занедбана
справились	впоралися
справляти тиск	чинити тиск
справочні матеріали	довідкові матеріали
сприйнятний	сприйнятливий
сприяли виникненню	зумовили виникнення
ставити акценти	робити акценти
ставити вище усього	ставити над (понад) усе
вина	провина
ставить мету	ставить за мету
стала в нагоді	стала в пригоді
дуже віруючі	глибоко віруючі
чудо	диво
становище фінансів	стан фінансів
стануть на чолі	очолять
стануть уроком	будуть наукою
старі друзі	давні друзі
дзвінниця	дзвіниця
кладбище	кладовище (цвинтар)
старе правило	давнє правило
матрас	матрац
у весь зріст	на повний зріст
стаття гласить	стаття зазначає
ствол дерева	стовбур дерева
створюються черги	утворюються (виникають) черги
стериотипи	стереотипи
стимул для організованості	стимул до організованості
стине	стигне
стихла хвиля	вляглася хвиля
притримуються умови	дотримуються умови
стосувалися до	стосувалися
затилок	потилиця
головокружіння	запаморочення
строїтися в шеренгу	шикуватися в лаву
повезло	пощастило, поталанило
ступеньки	сходи
судинорозширююча	судинорозширювальна
сумне фіаско	фіаско
суровий	суворий
суспільний діяч	громадський діяч
суточні	добові
суть життя	сенс життя
тряпка	ганчірка
сухопутній	сухопутний
диагностика	діагностика
сушилка	сушильня (приміщення), сушарка (апарат)
гірська верхівка	гірська вершина
сходяться на думці	погоджуються
стало можливим	можливо
сюрпризна несподіванка	сюрприз
побої	ушкодження
співробітничають	співпрацюють
тайна	таємниця, таїна
тайна	таємна
тайно	таємно
так би кажучи	так би мовити
получається	виходить
вірогідне	імовірне
таскати	тягати
татуїровка	татуювання
творог	сир
творожне	сирне
творожник	сирник
лице	обличчя
те ж саме	те саме
жюрі	журі
тезиси виступів	тези виступів
тезисний виклад	тезовий виклад
відчуття кохання	почуття кохання
одіяло	ковдра
терористична група	терористська група
терпіння лопнуло	терпець урвався
терпелива людина	терпляча людина
технічка	техпрацівниця
тим не менше	і все ж, однак, проте, разом з тим
займає цю посаду	обіймає цю посаду
тимчасово непрацюючим	тим, що тимчасово не працюють
типічні явища	типові явища
тиск упав	тиск зменшився
тихше	тихо
тканина у клітку	картата тканина
ткачиха	ткаля
по-другому	по-іншому
йде одяг	личить одяг
той же	той самий
станок	верстат
толковий спеціаліст	розумний фахівець
толково говорив	до ладу, добре, переконливо говорив
торічний	торішній
торжества	урочистості
точно	достеменно
травоядна тварина	травоїдна тварина
трамбовка землі	трамбування землі
трапилося наступне	трапилося ось що
даремно тратити час	гаяти (гайнувати, марнувати) час
лягти на обслідування	їпройти обстеження
спасатися	рятуватися
забастовка	страйк
до безконечності	нескінченно
перила	поручні
остановка	зупинка
трудитися руками	працювати руками
трудні обставини	важкі обставини
трудолюбивий	працьовити
трускавки	полуниці
туго з грошима	сутужно (скрутно) з грішми
тудою не пройдете	туди не пройдете
турбуватися за	турбуватися про
тускніє срібло	тьмяніє срібло
тушити капусту	тушкувати капусту
у біжучому році	у поточному році
у більшості випадків	здебільшого
у відповідності	відповідно до
у весь голос	на повний голос
у випадку незгоди	у разі відмови
у даний момент	цієї миті
у даний час	тепер
у живих залишилося	живими залишилося
жорстокі бої	запеклі бої
у значній мірі	значною мірою
неприглядний	непривабливий
подавлений настрій	пригнічений настрій
тяжкий характер	важка вдача
у піт ударило	піт пройняв
у полудень	опівдні
у порівнянні з	порівнюючи з
у розстрочку	на виплат
у своїх інтересах	у власних інтересах
сире приміщення	вогке приміщення
у скорому часі	незабаром, скоро, невдовзі
у смислі того	у розумінні того
у спішному порядку	спішно, негайно
у строгому смислі	у точному значенні
у суперечливих ситуаціях	у спірних, складних ситуаціях
у тій чи іншій мірі	так чи інакше
у тім же числі	у тому самому числі
у трудну хвилину	у скрутну хвилину
чікагська	чиказька
у честь	на честь
увійшло в привичку	стало звичкою
увіковічнити	увічнити
угоди для	угоди про
угрупування	угруповання
удавав з себе	удавав
удалятися від справ	ухилятися від справ; залишати справи
ужасний	жахливий
доречі	до речі
узагальнююча міра	узагальнювальна міра
узаконити власне в церкві	узаконити саме в церкві
уклонятися в сторону	ухилятися вбік; збочувати
для нього незрозуміла	йому незрозуміла
ультимативна вимога	ультиматум
умісне зауваження	доречне зауваження
уманьська	уманська
умови покращились	умови поліпшились
унаслідувала	успадкувала
унаслідувані	успадковані
упадок діяльності	занепад діяльності
упадок духу	занепад духу; зневіра
упадок сил	занепад (спад) сил; знесилення
упаковочний папір	пакувальний папір
упала духом	занепала духом
упаси господь	спаси господи
управляючий	керуючий
уроженець	уродженець
усі держави, у тім числі	усі держави, поміж ними
усердно	ревно, щиро, старанно, ретельно
усопші	покійні
устарівша	застаріла
уступити дорогу	дати, звільнити дорогу
усунути від посади	усунути з посади
чужерідне тіло	стороннє тіло
усякою ціною	будь-якою ціною
утверджуючий	утверджувальний
утопаючий	утопальник / що потопає
уточнюючі запитання	уточнювальні запитання
ухилятися суперечок	ухилятися від суперечок
учбовий процес	навчальний процес
учений ступінь	науковий ступінь
учених підтримало посольство	учених підтримало посольство
сип на шкірі	висипку на шкірі
підтримали ідею	підтримали задум
кормушка	годівниця
насміхатися над ним	насміхатися з нього
ущімлювати	ущемляти
ущент пограбований	дощенту пограбований
уютна	затишна
уяснити завдання	зрозуміти, з'ясувати завдання
філософські розмірковування	філософські роздуми
фіртка	хвіртка
факт говорить багато	факт свідчить багато про що
факт на лице	незаперечний факт
факт підкреслює	факт свідчить про
фактично існуючії	реальнії
фактично відсутнєї	насправді немаї
по галузях	за галузями
форточка	кватирка
чому повчитися	чого повчитися
функціювати	функціонувати
хімічно-чистий	хімічно чистий
по спеціальності	за спеціальністю
халатне ставлення	недбале ставлення
хватить	вистачить, годі, досить
хвилюючий момент	зворушливий момент
хворий сподівався на досвідченість лікаря	хворий надіявся на досвідченість лікаря
хвороба була запущена	хвороба була задавнена
хвороба має скритий період	хвороба має прихований період
хвороба привела до ускладнень	хвороба призвела до ускладнень
хворобливі спогади	болісні спогади
хворобу легше попередити, ніж лікувати	хворобі легше запобігти, ніж її лікувати
хворого знобить	хворого морозить
хлібо-булочні вироби	хлібобулочні вироби
хлам	сміття
хлопнути дверима	гримнути, грюкнути дверима
хмелевод	хмеляр
ходити на костилях	ходити на милицях, костурах
ходити на ципочках	ходити навшпиньки
ходити пішком	ходити пішки
ходять чутки	ширяться чутки
хокейна клюшка	хокейна ключка
хороше відношення	добре ставлення
хочу вам з'ясувати	хочу вам пояснити
хранилище	сховище, сховок, схованка
хресні батьки	хрещені батьки
хронічна нежить	хронічний нежить
хронометраж часу	хронометраж
хто ж у тому винуватий	хто ж у тому винен
хто не українці, то	хто неукраїнці, то
худо-бідно	щонайменше, принаймні
художньо ріс артист	художньо зростав артист
хутрова шапка	хутряна шапка
ці дерева невередливі до умов вирощування	ці дерева невимогливі (невибагливі) до умов вирощування
ці ліки показані після операції	ці ліки рекомендують після операції
цікава брошюра	цікава брошура
цікавий музикальний вечір	цікавий музичний вечір
цікавим з цього приводу виступ	цікавим щодо цього виступ
ціле життя попереду	усе життя попереду
ціленаправлено	цілеспрямовано
ціллю політики	метою політики
цільне молоко	незбиране молоко
цільове призначення	призначення
ціна виросла	ціна зросла
цінителі	шанувальники
подарок	подарунок
це є рівнозначно	це рівнозначно
це їхня привілегія	це їхній привілей
муравлина праця	мурашина праця
це грозить	це загрожує
це до мене не стосується	це мене не стосується
це відноситься до	це стосується
це ж можна сказати	те саме можна сказати
легше попереднього	легше від попереднього
зайвий раз	ще раз
до нічого	ні до чого
матиме печать	накладе відбиток
по її розповіді	з її розповіді
облегшило наше положення	полегшило наше становище
положення треба доказати	твердження треба довести
рішення приємливе	рішення прийнятне
саме по собі розуміється	само собою зрозуміло
нахальство	нахабство
це спричинило до	це призвело до
торкалося питання	стосувалося питання
факт доводить	факт свідчить
розтвор	розчин
центробіжний рух	відцентровий рух
цитатні вирази	цитовані вислови
не зауважуємо	не помічаємо
у всіх відношеннях	у всьому
простіше простого	дуже просто
вишуканий делікатес	делікатес
означені контури	окреслені контури (обриси)
носить назву	називається
бачили страшні сновидіння	бачили страшні сни
падати в обморок	непритомніти
через відсутність розрахунків	бо нема розрахунків
черепаша хода	черепашача хода
чернігівчанин	чернігівець
черніка	чорниці
чесні трударі	чесні трудівники
чесне слово	слово честі
чесночний	часниковий
честолюбивий	честолюбний
четвероногий друг	чотириногий друг
на цей раз	цього разу
чи приходилось	чи доводилося
у вас усе в порядку	у вас усе гаразд
чим можуть скористатися	з чого можуть скористатися.
чим швидше	чимшвидше
пом'ягчуючих обставин	пом'якшувальних обставин
чин чином	як годиться; як слід
чинить по-справедливості	чинить справедливо
чисельний склад	кількісний склад
числиться у списках	значиться в списках
чистої води обман	чистісінька брехня
чистоплотна жінка	охайна жінка
чистосердечно	щиросердечно
читали по складам	читали по складах
читацький абонент	читацький абонемент
на англійській мові	англійською мовою
члени "пласту"	члени пласту
прийшли до одностайної думки	одностайно вирішили
члени хору	учасники хору
з промовляючою назвою	з промовистою назвою
чого нема й у помині	про що й спомину (помину, згадки) нема
чолка	чубчик, гривка
фамілія	прізвище
чугун	чавун
чудак	дивак
чудний	чудовий
чужоземний текст	чужомовний текст
чутливі люди	чуйні люди
чутливий сон	сторожкий сон
чуть не впав	трохи не впав
чуть-чуть	ледь-ледь, трішки, трішечки
шалфей	шавлія
шампунь пахуча	шампунь пахучий
шарикова ручка	кулькова ручка
шаром покоти	порожнісінько
швидкісне одужання	швидке одужання
швидкоростуча	швидкоросла
швидше всього	найімовірніше
шерстяна 	вовняна 
шестидесятники	шістдесятники
шийний позвонок	шийні хребці
шириною	завширшки
шкідливий непотріб	шкідливі відходи
кошильок	гаманець
шкоди не причинять	шкоди не завдадуть
шкурка яблука	шкірка яблука
шляхом виламу дверей	виламавши двері
шокуюча	шокова
штамповочний цех	штампувальний цех
штамповщики	штампувальники
штатний розклад	штатний розпис
штатське вбрання	цивільне вбрання
штриховка	штрихування
шум	галас
шумний ефект	шумовий ефект
шуткувати	жартувати
щастя посміхнулося	щастя усміхнулося
ще би	ще б пак
ще у стадії	ще на стадії
було завдано	задано
що має почувати	що відчуває
посідали керівні крісла	обіймали керівні посади
представляє собою	являє собою
стосується до справи	стосується справи
що це для неї вартувало	що це їй коштувало
що якщо би ми	що якби ми	
зглазити	зурочити
щоденно	щодня
щойно через	тільки через
горніст	сурмач
вибачаюся	вибачте мені
допускаю	припускаю
здивований почути	мене дивує
я не можу винести цього	я не можу стерпіти; не знесу цього
я прийшов на рахунок квартири	я прийшов довідатися про квартиру
я у телефона	я коло (біля) телефону; при телефоні
я узнав	я дізнався, довідався
яїчний	яєчний
ядохімікати	отрутохімікати
язичеський обряд	язичницький (поганський) обряд
язичні звуки	язикові звуки
яйце всмятку	некруте яйце
як би там не було	хоч би як
як ви розмістилися	як ви розташувалися
як вижатий лимон	як видушений (вичавлений) лимон
як виражається	як висловлюється
як водиться	як ведеться; як заведено; як звичайно
як воно тратилось	як його витрачали
як домоклів меч	як дамоклів меч
як з козла молока	як з цапа молока
як зрозуміти зменшення	чим пояснити зменшення
як ні в чому не бувало	наче й не було нічого
як на убой	як на заріз
як не крути	що не кажи
подобає	личить
позбавитися хвороби	позбутися хвороби
як полагається	як годиться; як треба; як слід; як має бути
як примірний християнин	як взірцевий християнин
проїхати до	доїхати до
як раз тому	саме тому
як саме краще дістатися	як найшвидше доїхати
як снігова грудка	як снігова куля
як у бездонну бочку	як у прірву; як у безодню
як це мало місце	як було
помимо	крім
робите на користь	робите для
якісна гра	доброякісна, високоякісна гра
якісно не поступається	за якістю не поступається
який толк	яка користь
часами набирає	часом набирає
по незнанню	через незнання
якщо дозволить час	якщо (коли) матиму час; якщо матиму коли
якщо це вас не затруднить	якщо це вас не обтяжить
якщо цього не відбудеться	якщо цього не станеться
ями від вибухів гранат	вирви від вибухів гранат
ясне діло	ясна річ, зрозумілобігло ознайомитися	побіжно ознайомитися
бігло читати	швидко читати
біжучий рік	поточний рік
бабочка	метелик
бабушка	бабуся, бабця, бабуня
багато чисельний	численний
багаточислений	численний
балувати	розпещувати
банкрот	банкрут
бастувати	страйкувати
безвихідне становище	безпорадне становище, безвихідь
безопасний	безпечний
безпреривно	безперервно
безчисленні	незліченна кількість
бельйо	білизна
бессрочний	безстроковий
битком набитий	вщерть наповнений, переповнений
блінчик	млинець
благополучний	щасливий
блюдечко	тарілочка
бодрий	бадьорий
болільщик	вболівальник
болільник	вболівальник
болтавня	балаканина
больниця	лікарня
больничний	листок непрацездатності
братський	братерський, але братська могила
брачний	шлюбний
бритися	голитися
брюки	штани
бувший	колишній міністр, колишні закони, у колишньому союзі
будто	наче, мов, ніби, немов
букашка	комашка, комашина
булавка	шпилька
бумага	папір
на бумазі	на папері
буси	намисто, коралі
бутила	пляшка
вільна вакансія	вакансія
внутрішній інтер'єр	інтер'єр
вперше познайомитися	познайомитися
головний лейтмотив	лейтмотив
долоні рук	долоні
багаточисельні	численні
завзятий ентузіазм	ентузіазм
інша альтернатива	альтернатива
років тому назад	років тому
кипить гаряча робота	кипить робота
маршрут руху	маршрут
міміка обличчя	міміка
місцеві аборигени	аборигени
моя власна думка	моя думка / власна думка
об'єднатися воєдино	об'єднатися
основний лейтмотив	лейтмотив
особлива специфіка	специфіка
пам'ятний сувенір	сувенір
перший дебют	дебют
повний аншлаг	аншлаг
повний кворум	кворум
привітати з досягнутимом	привітати зом
прихована таємниця	таємниця
проливна злива	злива
промислова індустрія	промисловість / індустрія
розумний вундеркінд	вундеркінд
сміливий ризик	ризик
старий ветеран	ветеран
гривень грошей	гривень
унікальний у своєму роді	унікальний
згідно закону	згідно із законом
здавати іспит	складати іспит
любий	будь-який
вибачте мене	вибачте мені
заказати товар	замовити товар
заключати договір	укладати договір
їх	їхній
на протязі місяця	протягом місяця
на рахунок цього	щодо цього
прийняти міри	вжити заходів
виключення	виняток
подорожувати по європейським країнам	подорожувати європейськими країнами
відповіді співпадають	відповіді збігаються
відповідно угоді	відповідно до угоди
друг друга	один одного
зраджувати принципам	зраджувати принципи
навчатися малюванню	навчатися малювання
наслідувати актрисі	наслідувати актрису
підводити підсумки	підбивати підсумки / підсумовувати
попередити хворобу	запобігти хворобі
років назад	років тому
проблема заключається	проблема полягає
ювілейні міроприємства	ювілейні заходи
потерпіти поразку	зазнати поразки
одержати перемогу	здобути перемогу
задаватися метою	ставити за мету / мати на меті
слідувати звичаям	дотримуватись
нанести удар	завдати удару
ви праві	ваша правда / ви маєте рацію
гарно виглядати	мати гарний вигляд
оточуюче середовище	довкілля
прийшло в голову	спало на думку
згідно до	згідно з / відповідно до
дорогі ціни	високі ціни / дорогі товари
гарно дивиться	гарно виглядає / личить / пасує
дякую вас	дякую вам
я рахую, що	я вважаю, що
самий дорогий	найдорожчий / найбільш дорогий
бажаючий	охочий / який бажає
відновлюючий	відновлювальний / який відновлює
захоплюючий	захопливий
практикуючий юрист	юрист-практик
більша половина	половина / більша частина
менша половина	половина / менша частина
на протязі дня	протягом дня
грудень місяць	грудень
січень місяць	січень
лютий місяць	лютий
березень місяць	березень
квітень місяць	квітень
травень місяць	травень
червень місяць	червень
липень місяць	липень
серпень місяць	серпень
вересень місяць	вересень
жовтень місяць	жовтень
листопад місяць	листопад
шо	що
но	але
від нині	віднині
до віку	довіку
з гарячу	згарячу
у двоє	удвоє
в нічию	внічию
в досвіта	вдосвіта
за вдовжки	завдовжки
по під тинню	попідтинню
на осліп	наосліп
ліво руч	ліворуч
мимо волі	мимоволі
тим часово	тимчасово
чим дуж	чимдуж
стрім голов	стрімголов
аби як	абияк
ані трохи	анітрохи
чи мало	чимало
як найдовше	якнайдовше
безкінця	без кінця
безчерги	без черги
безупину	без упину
безжалю	без жалю
надобраніч	на добраніч
нажаль	на жаль
допобачення	до побачення
увісні	уві сні
вдалечінь	в далечінь
безвідома	без відома
сама-самотою	сама самотою
віч на віч	віч-на-віч
кінець-кінцем	кінець кінцем
сам-на-сам	сам на сам
від нині	віднині
до віку	довіку
з гарячу	згарячу
у двоє	удвоє
в нічию	внічию
в досвіта	вдосвіта
за вдовжки	завдовжки
по під тинню	попідтинню
на осліп	наосліп
ліво руч	ліворуч
мимо волі	мимоволі
тим часово	тимчасово
чим дуж	чимдуж
стрім голов	стрімголов
аби як	абияк
ані трохи	анітрохи
чи мало	чимало
як найдовше	якнайдовше
безкінця	без кінця
безчерги	без черги
безупину	без упину
безжалю	без жалю
надобраніч	на добраніч
нажаль	на жаль
допобачення	до побачення
увісні	уві сні
вдалечінь	в далечінь
будь-ласка	будь ласка
доброго дня	добрий день / добридень
доброго вечора	добрий вечір / добривечір
добрий ранок	доброго ранку
покищо	поки що
по перше	по-перше
по друге	по-друге
по третє	по-третє
